,date,CELG_adjusted_close,CELG_cumulative_return,CELG_value,FB_adjusted_close,FB_cumulative_return,FB_value,GOOG_adjusted_close,GOOG_cumulative_return,GOOG_value,NVDA_adjusted_close,NVDA_cumulative_return,NVDA_value,SPY_adjusted_close,SPY_cumulative_return,SPY_value,portfolio_cumulative_return,portfolio_value
0,2016-10-06,104.03,1.0,0.25,128.74,1.0,0.1,776.86,1.0,0.25,67.34,1.0,0.4,215.78,1.0,1.0,1.0,1.0
1,2016-10-07,104.07,1.00038,0.250095,128.99,1.00194,0.100194,775.08,0.997709,0.24942725,66.85,0.992724,0.39708960000000004,215.04,0.996571,0.996571,0.99680585,0.99680585
2,2016-10-10,104.27,1.00231,0.2505775,130.24,1.01165,0.101165,785.94,1.01169,0.2529225,67.1,0.996436,0.3985744,216.16,1.00176,1.00176,1.0032394,1.0032394
3,2016-10-11,101.64,0.977026,0.2442565,128.88,1.00109,0.100109,783.07,1.00799,0.2519975,66.13,0.982032,0.3928128,213.43,0.989109,0.989109,0.9891757999999999,0.9891757999999999
4,2016-10-12,100.1,0.962222,0.2405555,129.05,1.00241,0.10024100000000001,786.14,1.01195,0.2529875,66.43,0.986487,0.3945948,213.71,0.990407,0.990407,0.9883788,0.9883788
5,2016-10-13,100.63,0.967317,0.24182925,127.82,0.992854,0.09928540000000001,778.19,1.00171,0.2504275,65.35,0.970448,0.3881792,213.01,0.987163,0.987163,0.97972135,0.97972135
6,2016-10-14,98.5,0.946842,0.2367105,127.88,0.99332,0.099332,778.53,1.00215,0.2505375,65.99,0.979953,0.39198120000000003,213.12,0.987673,0.987673,0.9785612,0.9785612
7,2016-10-17,99.64,0.957801,0.23945025,127.54,0.990679,0.0990679,779.96,1.00399,0.2509975,65.61,0.97431,0.389724,212.38,0.984243,0.984243,0.9792396499999999,0.9792396499999999
8,2016-10-18,100.06,0.961838,0.2404595,128.57,0.99868,0.09986800000000001,795.26,1.02369,0.2559225,66.61,0.98916,0.395664,213.71,0.990407,0.990407,0.991914,0.991914
9,2016-10-19,100.02,0.961453,0.24036325,130.11,1.01064,0.101064,801.56,1.03179,0.2579475,66.47,0.987081,0.39483240000000003,214.28,0.993048,0.993048,0.99420715,0.99420715
10,2016-10-20,100.02,0.961453,0.24036325,130.0,1.00979,0.100979,796.97,1.02589,0.2564725,67.73,1.00579,0.402316,213.88,0.991195,0.991195,1.00013075,1.00013075
11,2016-10-21,98.91,0.950783,0.23769575,132.07,1.02587,0.10258700000000001,799.37,1.02898,0.257245,67.54,1.00297,0.401188,213.98,0.991658,0.991658,0.99871575,0.99871575
12,2016-10-24,98.07,0.942709,0.23567725,133.28,1.03526,0.103526,813.11,1.04666,0.261665,70.71,1.05004,0.42001600000000006,214.89,0.995875,0.995875,1.02088425,1.02088425
13,2016-10-25,97.63,0.938479,0.23461975,132.29,1.02757,0.10275700000000001,807.67,1.03966,0.259915,71.87,1.06727,0.426908,214.17,0.992539,0.992539,1.02419975,1.02419975
14,2016-10-26,98.41,0.945977,0.23649425,131.04,1.01787,0.10178700000000002,799.07,1.02859,0.2571475,72.16,1.07158,0.428632,213.74,0.990546,0.990546,1.02406075,1.02406075
15,2016-10-27,104.72,1.00663,0.2516575,129.69,1.00738,0.100738,795.35,1.0238,0.25595,70.68,1.0496,0.41984000000000005,213.17,0.987904,0.987904,1.0281855,1.0281855
16,2016-10-28,103.9,0.99875,0.2496875,131.29,1.01981,0.10198100000000002,795.37,1.02383,0.2559575,70.56,1.04782,0.419128,212.54,0.984985,0.984985,1.0267540000000002,1.0267540000000002
17,2016-10-31,102.18,0.982217,0.24555425,130.99,1.01748,0.101748,784.54,1.00989,0.2524725,71.16,1.05673,0.422692,212.55,0.985031,0.985031,1.02246675,1.02246675
18,2016-11-01,104.09,1.00058,0.250145,129.5,1.0059,0.10059000000000001,783.61,1.00869,0.2521725,69.05,1.02539,0.410156,211.01,0.977894,0.977894,1.0130635,1.0130635
19,2016-11-02,102.85,0.988657,0.24716425,127.17,0.987805,0.09878050000000001,768.7,0.989496,0.247374,68.76,1.02109,0.408436,209.74,0.972009,0.972009,1.00175475,1.00175475
20,2016-11-03,102.35,0.983851,0.24596275,120.0,0.932111,0.0932111,762.13,0.981039,0.24525975,67.96,1.00921,0.403684,208.78,0.96756,0.96756,0.9881176,0.9881176
21,2016-11-04,103.44,0.994329,0.24858225,120.75,0.937937,0.09379370000000001,762.02,0.980897,0.24522425,67.57,1.00342,0.401368,208.55,0.966494,0.966494,0.9889682,0.9889682
22,2016-11-07,107.49,1.03326,0.258315,122.15,0.948812,0.0948812,782.52,1.00729,0.2518225,71.27,1.05836,0.423344,213.15,0.987812,0.987812,1.0283627000000002,1.0283627000000002
23,2016-11-08,108.45,1.04249,0.2606225,124.22,0.96489,0.096489,790.51,1.01757,0.2543925,71.16,1.05673,0.422692,214.11,0.992261,0.992261,1.0341960000000001,1.0341960000000001
24,2016-11-09,120.07,1.15419,0.2885475,123.18,0.956812,0.09568120000000001,785.31,1.01088,0.25272,69.96,1.03891,0.41556400000000004,216.38,1.00278,1.00278,1.0525127,1.0525127
25,2016-11-10,121.06,1.1637,0.290925,120.8,0.938325,0.0938325,762.56,0.981593,0.24539825,67.77,1.00639,0.40255599999999997,216.92,1.00528,1.00528,1.03271175,1.03271175
26,2016-11-11,119.45,1.14823,0.2870575,119.02,0.924499,0.0924499,754.02,0.9706,0.24265,87.97,1.30636,0.522544,216.42,1.00297,1.00297,1.1447014000000002,1.1447014000000002
27,2016-11-14,120.68,1.16005,0.2900125,115.08,0.893895,0.08938950000000001,736.08,0.947507,0.23687675,83.64,1.24206,0.496824,216.59,1.00375,1.00375,1.11310275,1.11310275
28,2016-11-15,120.91,1.16226,0.290565,117.2,0.910362,0.09103620000000001,758.49,0.976354,0.2440885,86.19,1.27992,0.511968,218.28,1.01159,1.01159,1.1376577,1.1376577
29,2016-11-16,119.69,1.15053,0.2876325,116.34,0.903682,0.09036820000000001,764.48,0.984064,0.246016,91.63,1.36071,0.5442840000000001,217.87,1.00969,1.00969,1.1683007,1.1683007
30,2016-11-17,122.08,1.17351,0.2933775,117.79,0.914945,0.0914945,771.23,0.992753,0.24818825,92.39,1.37199,0.5487960000000001,218.99,1.01488,1.01488,1.18185625,1.18185625
31,2016-11-18,121.97,1.17245,0.2931125,117.02,0.908964,0.0908964,760.54,0.978992,0.244748,93.36,1.3864,0.55456,218.5,1.01261,1.01261,1.1833169000000001,1.1833169000000001
32,2016-11-21,124.16,1.1935,0.298375,121.77,0.94586,0.094586,769.2,0.99014,0.247535,92.98,1.38075,0.5523,220.15,1.02025,1.02025,1.192796,1.192796
33,2016-11-22,120.97,1.16284,0.29071,121.47,0.94353,0.094353,768.27,0.988943,0.24723575,93.65,1.3907,0.55628,220.58,1.02224,1.02224,1.18857875,1.18857875
34,2016-11-23,120.85,1.16168,0.29042,120.84,0.938636,0.0938636,760.99,0.979572,0.244893,93.97,1.39546,0.558184,220.7,1.0228,1.0228,1.1873606,1.1873606
35,2016-11-25,121.06,1.1637,0.290925,120.38,0.935063,0.0935063,761.68,0.98046,0.245115,94.16,1.39828,0.559312,221.52,1.0266,1.0266,1.1888583000000001,1.1888583000000001
36,2016-11-28,120.3,1.1564,0.2891,120.41,0.935296,0.0935296,768.24,0.988904,0.247226,94.11,1.39753,0.559012,220.48,1.02178,1.02178,1.1888676,1.1888676
37,2016-11-29,122.13,1.17399,0.2934975,120.87,0.938869,0.0938869,770.84,0.992251,0.24806275,93.25,1.38476,0.5539040000000001,220.91,1.02377,1.02377,1.18935115,1.18935115
38,2016-11-30,118.51,1.13919,0.2847975,118.42,0.919838,0.0919838,758.04,0.975774,0.2439435,92.2,1.36917,0.547668,220.38,1.02132,1.02132,1.1683928,1.1683928
39,2016-12-01,118.87,1.14265,0.2856625,115.1,0.89405,0.08940500000000001,747.92,0.962747,0.24068675,87.64,1.30146,0.520584,219.57,1.01756,1.01756,1.1363382499999999,1.1363382499999999
40,2016-12-02,117.63,1.13073,0.2826825,115.4,0.89638,0.089638,750.5,0.966069,0.24151725,88.45,1.31348,0.525392,219.68,1.01807,1.01807,1.1392297499999997,1.1392297499999997
41,2016-12-05,116.56,1.12045,0.2801125,117.43,0.912148,0.0912148,762.52,0.981541,0.24538525,91.88,1.36442,0.545768,221.0,1.02419,1.02419,1.16248055,1.16248055
42,2016-12-06,117.39,1.12842,0.282105,117.31,0.911216,0.09112160000000001,759.11,0.977152,0.244288,93.39,1.38684,0.554736,221.7,1.02744,1.02744,1.1722506,1.1722506
43,2016-12-07,112.66,1.08296,0.27074,117.95,0.916188,0.0916188,771.19,0.992701,0.24817525,95.07,1.41179,0.5647160000000001,224.6,1.04087,1.04087,1.17525005,1.17525005
44,2016-12-08,113.06,1.0868,0.2717,118.91,0.923645,0.09236450000000002,776.42,0.999434,0.2498585,93.48,1.38818,0.555272,225.15,1.04342,1.04342,1.169195,1.169195
45,2016-12-09,113.47,1.09074,0.272685,119.68,0.929626,0.0929626,789.29,1.016,0.254,91.82,1.36353,0.545412,226.51,1.04973,1.04973,1.1650596000000002,1.1650596000000002
46,2016-12-12,113.22,1.08834,0.272085,117.77,0.914789,0.0914789,789.27,1.01597,0.2539925,89.59,1.33041,0.5321640000000001,226.25,1.04852,1.04852,1.1497204,1.1497204
47,2016-12-13,115.09,1.10632,0.27658,120.31,0.934519,0.0934519,796.1,1.02477,0.2561925,91.17,1.35388,0.541552,227.76,1.05552,1.05552,1.1677764,1.1677764
48,2016-12-14,115.83,1.11343,0.2783575,120.21,0.933742,0.0933742,797.07,1.02602,0.256505,96.45,1.43228,0.572912,225.88,1.04681,1.04681,1.2011487,1.2011487
49,2016-12-15,117.18,1.12641,0.2816025,120.57,0.936539,0.09365390000000001,797.85,1.02702,0.256755,98.71,1.46584,0.5863360000000001,226.81,1.05112,1.05112,1.2183474000000003,1.2183474000000003
50,2016-12-16,116.62,1.12102,0.280255,119.87,0.931101,0.0931101,790.8,1.01794,0.254485,100.41,1.49109,0.5964360000000001,225.04,1.04291,1.04291,1.2242861,1.2242861
51,2016-12-19,115.73,1.11247,0.2781175,119.24,0.926208,0.0926208,794.2,1.02232,0.25558,101.63,1.50921,0.603684,225.53,1.04518,1.04518,1.2300023,1.2300023
52,2016-12-20,118.52,1.13929,0.2848225,119.09,0.925043,0.0925043,796.42,1.02518,0.256295,105.17,1.56178,0.624712,226.4,1.04922,1.04922,1.2583338000000002,1.2583338000000002
53,2016-12-21,115.85,1.11362,0.278405,119.04,0.924654,0.0924654,794.56,1.02278,0.255695,105.83,1.57158,0.6286320000000001,225.77,1.0463,1.0463,1.2551974000000001,1.2551974000000001
54,2016-12-22,117.87,1.13304,0.28326,117.4,0.911915,0.09119150000000001,791.26,1.01854,0.254635,107.11,1.59059,0.636236,225.38,1.04449,1.04449,1.2653225000000001,1.2653225000000001
55,2016-12-23,118.93,1.14323,0.2858075,117.27,0.910906,0.09109060000000001,789.91,1.0168,0.2542,109.78,1.63023,0.6520920000000001,225.71,1.04602,1.04602,1.2831901000000001,1.2831901000000001
56,2016-12-27,117.92,1.13352,0.28338,118.01,0.916654,0.09166540000000001,791.55,1.01891,0.2547275,117.32,1.7422,0.69688,226.27,1.04861,1.04861,1.3266529,1.3266529
57,2016-12-28,117.29,1.12746,0.281865,116.92,0.908187,0.0908187,785.05,1.01054,0.252635,109.25,1.62236,0.6489440000000001,224.4,1.03995,1.03995,1.2742627000000002,1.2742627000000002
58,2016-12-29,116.93,1.124,0.281,116.35,0.903759,0.09037590000000001,782.79,1.00763,0.2519075,111.43,1.65474,0.661896,224.35,1.03972,1.03972,1.2851794,1.2851794
59,2016-12-30,115.75,1.11266,0.278165,115.05,0.893662,0.0893662,771.82,0.993512,0.248378,106.74,1.58509,0.634036,223.53,1.03592,1.03592,1.2499452,1.2499452
60,2017-01-03,118.75,1.1415,0.285375,116.86,0.907721,0.09077210000000001,786.14,1.01195,0.2529875,102.01,1.51485,0.60594,225.24,1.04384,1.04384,1.2350746,1.2350746
61,2017-01-04,118.55,1.13958,0.284895,118.69,0.921936,0.0921936,786.9,1.01292,0.25323,104.39,1.55019,0.6200760000000001,226.58,1.05005,1.05005,1.2503946000000001,1.2503946000000001
62,2017-01-05,118.76,1.14159,0.2853975,120.67,0.937315,0.09373150000000001,794.02,1.02209,0.2555225,101.74,1.51084,0.604336,226.4,1.04922,1.04922,1.2389875000000001,1.2389875000000001
63,2017-01-06,119.64,1.15005,0.2875125,123.41,0.958599,0.0958599,806.15,1.0377,0.259425,103.1,1.53104,0.6124160000000001,227.21,1.05297,1.05297,1.2552134000000001,1.2552134000000001
64,2017-01-09,120.21,1.15553,0.2888825,124.9,0.970172,0.09701720000000001,806.65,1.03835,0.2595875,107.28,1.59311,0.637244,226.46,1.04949,1.04949,1.2827312,1.2827312
65,2017-01-10,119.98,1.15332,0.28833,124.35,0.9659,0.09659000000000001,804.79,1.03595,0.2589875,106.47,1.58108,0.6324320000000001,226.46,1.04949,1.04949,1.2763395,1.2763395
66,2017-01-11,117.24,1.12698,0.281745,126.09,0.979416,0.0979416,807.91,1.03997,0.2599925,105.16,1.56163,0.6246520000000001,227.1,1.05246,1.05246,1.2643311000000002,1.2643311000000002
67,2017-01-12,117.08,1.12544,0.28136,126.62,0.983533,0.0983533,806.36,1.03797,0.2594925,103.44,1.53609,0.614436,226.53,1.04982,1.04982,1.2536418,1.2536418
68,2017-01-13,117.48,1.12929,0.2823225,128.34,0.996893,0.09968930000000001,807.88,1.03993,0.2599825,103.43,1.53594,0.614376,227.05,1.05223,1.05223,1.2563703000000002,1.2563703000000002
69,2017-01-17,114.95,1.10497,0.2762425,127.87,0.993242,0.0993242,804.61,1.03572,0.25893,101.11,1.50149,0.600596,226.25,1.04852,1.04852,1.2350927000000003,1.2350927000000003
70,2017-01-18,115.22,1.10757,0.2768925,127.92,0.993631,0.09936310000000001,806.07,1.0376,0.2594,102.95,1.52881,0.6115240000000001,226.75,1.05084,1.05084,1.2471796000000002,1.2471796000000002
71,2017-01-19,113.62,1.09219,0.2730475,127.55,0.990757,0.0990757,802.18,1.03259,0.2581475,105.16,1.56163,0.6246520000000001,225.91,1.04695,1.04695,1.2549227,1.2549227
72,2017-01-20,112.66,1.08296,0.27074,127.04,0.986795,0.0986795,805.02,1.03625,0.2590625,104.01,1.54455,0.61782,226.74,1.05079,1.05079,1.246302,1.246302
73,2017-01-23,112.31,1.07959,0.2698975,128.93,1.00148,0.100148,819.31,1.05464,0.26366,105.09,1.56059,0.624236,226.15,1.04806,1.04806,1.2579414999999998,1.2579414999999998
74,2017-01-24,112.45,1.08094,0.270235,129.37,1.00489,0.10048900000000001,823.87,1.06051,0.2651275,107.33,1.59385,0.63754,227.6,1.05478,1.05478,1.2733915,1.2733915
75,2017-01-25,113.98,1.09565,0.2739125,131.48,1.02128,0.102128,835.67,1.0757,0.268925,107.79,1.60068,0.6402720000000001,229.57,1.06391,1.06391,1.2852375,1.2852375
76,2017-01-26,111.53,1.07209,0.2680225,132.78,1.03138,0.10313800000000001,832.15,1.07117,0.2677925,109.65,1.6283,0.6513200000000001,229.33,1.0628,1.0628,1.290273,1.290273
77,2017-01-27,113.62,1.09219,0.2730475,132.18,1.02672,0.10267200000000001,823.31,1.05979,0.2649475,111.77,1.65979,0.6639160000000001,228.97,1.06113,1.06113,1.304583,1.304583
78,2017-01-30,113.18,1.08796,0.27199,130.98,1.0174,0.10174000000000001,802.32,1.03277,0.2581925,110.02,1.6338,0.65352,227.55,1.05455,1.05455,1.2854424999999998,1.2854424999999998
79,2017-01-31,116.15,1.1165,0.279125,130.32,1.01227,0.10122700000000001,796.79,1.02565,0.2564125,109.18,1.62132,0.6485280000000001,227.53,1.05445,1.05445,1.2852925,1.2852925
80,2017-02-01,117.41,1.12862,0.282155,133.23,1.03488,0.10348800000000001,795.7,1.02425,0.2560625,113.95,1.69216,0.6768640000000001,227.62,1.05487,1.05487,1.3185695000000002,1.3185695000000002
81,2017-02-02,115.54,1.11064,0.27766,130.84,1.01631,0.10163100000000001,798.53,1.02789,0.2569725,115.39,1.71354,0.685416,227.77,1.05557,1.05557,1.3216795000000001,1.3216795000000001
82,2017-02-03,115.64,1.1116,0.2779,130.98,1.0174,0.10174000000000001,801.49,1.0317,0.257925,114.38,1.69854,0.679416,229.34,1.06284,1.06284,1.316981,1.316981
83,2017-02-06,116.09,1.11593,0.2789825,132.06,1.02579,0.102579,801.34,1.03151,0.2578775,117.31,1.74206,0.696824,228.93,1.06094,1.06094,1.336263,1.336263
84,2017-02-07,116.26,1.11756,0.27939,131.84,1.02408,0.10240800000000001,806.97,1.03876,0.25969,119.13,1.76908,0.707632,228.94,1.06099,1.06099,1.34912,1.34912
85,2017-02-08,115.35,1.10881,0.2772025,134.2,1.04241,0.10424100000000001,808.38,1.04057,0.2601425,118.61,1.76136,0.7045440000000001,229.24,1.06238,1.06238,1.34613,1.34613
86,2017-02-09,116.74,1.12218,0.280545,134.14,1.04194,0.10419400000000001,809.56,1.04209,0.2605225,116.38,1.72824,0.691296,230.6,1.06868,1.06868,1.3365575,1.3365575
87,2017-02-10,115.61,1.11131,0.2778275,134.19,1.04233,0.104233,813.67,1.04738,0.261845,113.62,1.68726,0.6749040000000001,231.51,1.0729,1.0729,1.3188095000000002,1.3188095000000002
88,2017-02-13,116.42,1.1191,0.279775,134.05,1.04125,0.10412500000000001,819.24,1.05455,0.2636375,108.38,1.60944,0.643776,232.77,1.07874,1.07874,1.2913135,1.2913135
89,2017-02-14,117.02,1.12487,0.2812175,133.85,1.03969,0.103969,820.45,1.05611,0.2640275,108.78,1.61538,0.6461520000000001,233.7,1.08305,1.08305,1.295366,1.295366
90,2017-02-15,120.47,1.15803,0.2895075,133.44,1.03651,0.10365100000000001,818.98,1.05422,0.263555,109.0,1.61865,0.64746,234.92,1.0887,1.0887,1.3041734999999999,1.3041734999999999
91,2017-02-16,118.66,1.14063,0.2851575,133.84,1.03961,0.103961,824.16,1.06089,0.2652225,107.25,1.59266,0.6370640000000001,234.72,1.08777,1.08777,1.2914050000000001,1.2914050000000001
92,2017-02-17,121.16,1.16466,0.291165,133.53,1.03721,0.10372100000000001,828.07,1.06592,0.26648,107.23,1.59237,0.6369480000000001,235.09,1.08949,1.08949,1.298314,1.298314
93,2017-02-21,119.44,1.14813,0.2870325,133.72,1.03868,0.10386800000000002,831.66,1.07054,0.267635,111.07,1.64939,0.659756,236.49,1.09598,1.09598,1.3182915000000002,1.3182915000000002
94,2017-02-22,119.27,1.1465,0.286625,136.12,1.05732,0.105732,830.76,1.06938,0.267345,110.76,1.64479,0.6579160000000001,236.28,1.095,1.095,1.3176180000000002,1.3176180000000002
95,2017-02-23,119.46,1.14832,0.28708,135.36,1.05142,0.10514200000000001,831.33,1.07012,0.26753,100.49,1.49228,0.596912,236.44,1.09575,1.09575,1.256664,1.256664
96,2017-02-24,118.23,1.1365,0.284125,135.44,1.05204,0.10520400000000002,828.64,1.06665,0.2666625,101.46,1.50668,0.6026720000000001,236.74,1.09714,1.09714,1.2586635000000002,1.2586635000000002
97,2017-02-27,121.78,1.17062,0.292655,136.41,1.05958,0.105958,829.28,1.06748,0.26687,104.41,1.55049,0.620196,237.11,1.09885,1.09885,1.285679,1.285679
98,2017-02-28,123.51,1.18725,0.2968125,135.54,1.05282,0.10528200000000001,823.21,1.05966,0.264915,101.48,1.50698,0.602792,236.47,1.09588,1.09588,1.2698015,1.2698015
99,2017-03-01,123.7,1.18908,0.29727,137.42,1.06742,0.106742,835.24,1.07515,0.2687875,102.79,1.52643,0.610572,239.78,1.11122,1.11122,1.2833714999999999,1.2833714999999999
100,2017-03-02,122.24,1.17505,0.2937625,136.76,1.0623,0.10623,830.63,1.06921,0.2673025,99.0,1.47015,0.58806,238.27,1.10423,1.10423,1.255355,1.255355
101,2017-03-03,123.66,1.1887,0.297175,137.17,1.06548,0.106548,829.08,1.06722,0.266805,98.43,1.46169,0.584676,238.42,1.10492,1.10492,1.255204,1.255204
102,2017-03-06,123.52,1.18735,0.2968375,137.42,1.06742,0.106742,827.78,1.06555,0.2663875,97.67,1.4504,0.58016,237.71,1.10163,1.10163,1.250127,1.250127
103,2017-03-07,122.08,1.17351,0.2933775,137.3,1.06649,0.106649,831.91,1.07086,0.267715,98.74,1.46629,0.586516,237.0,1.09834,1.09834,1.2542575,1.2542575
104,2017-03-08,123.04,1.18274,0.295685,137.72,1.06975,0.106975,835.37,1.07532,0.26883,98.56,1.46362,0.585448,236.56,1.0963,1.0963,1.256938,1.256938
105,2017-03-09,125.13,1.20283,0.3007075,138.24,1.07379,0.107379,838.68,1.07958,0.269895,98.54,1.46332,0.585328,236.86,1.09769,1.09769,1.2633095,1.2633095
106,2017-03-10,124.0,1.19196,0.29799,138.79,1.07806,0.10780600000000001,843.25,1.08546,0.271365,99.12,1.47193,0.588772,237.69,1.10154,1.10154,1.265933,1.265933
107,2017-03-13,124.43,1.1961,0.299025,139.6,1.08436,0.108436,845.54,1.08841,0.2721025,101.85,1.51247,0.6049880000000001,237.81,1.10209,1.10209,1.2845515,1.2845515
108,2017-03-14,124.68,1.1985,0.299625,139.32,1.08218,0.108218,845.62,1.08851,0.2721275,101.78,1.51143,0.6045720000000001,236.9,1.09788,1.09788,1.2845425000000001,1.2845425000000001
109,2017-03-15,126.88,1.21965,0.3049125,139.72,1.08529,0.10852900000000001,847.2,1.09054,0.272635,102.55,1.52287,0.609148,238.95,1.10738,1.10738,1.2952245,1.2952245
110,2017-03-16,126.62,1.21715,0.3042875,139.99,1.08739,0.10873900000000002,848.78,1.09258,0.273145,103.81,1.54158,0.6166320000000001,238.48,1.1052,1.1052,1.3028035,1.3028035
111,2017-03-17,125.77,1.20898,0.302245,139.84,1.08622,0.108622,852.12,1.09688,0.27422,106.07,1.57514,0.6300560000000001,237.03,1.09848,1.09848,1.315143,1.315143
112,2017-03-20,126.51,1.21609,0.3040225,139.94,1.087,0.1087,848.4,1.09209,0.2730225,109.45,1.62533,0.650132,236.77,1.09728,1.09728,1.3358770000000002,1.3358770000000002
113,2017-03-21,123.82,1.19023,0.2975575,138.51,1.07589,0.107589,830.46,1.069,0.26725,105.91,1.57277,0.629108,233.73,1.08319,1.08319,1.3015044999999998,1.3015044999999998
114,2017-03-22,123.37,1.18591,0.2964775,139.59,1.08428,0.108428,829.59,1.06788,0.26697,108.07,1.60484,0.6419360000000001,234.28,1.08574,1.08574,1.3138115,1.3138115
115,2017-03-23,123.22,1.18447,0.2961175,139.53,1.08381,0.108381,817.58,1.05242,0.263105,107.09,1.59029,0.636116,234.03,1.08458,1.08458,1.3037195000000001,1.3037195000000001
116,2017-03-24,123.38,1.186,0.2965,140.34,1.0901,0.10901000000000001,814.43,1.04836,0.26209,107.47,1.59593,0.638372,233.86,1.08379,1.08379,1.3059720000000001,1.3059720000000001
117,2017-03-27,124.86,1.20023,0.3000575,140.32,1.08995,0.10899500000000001,819.51,1.0549,0.263725,108.25,1.60751,0.643004,233.62,1.08268,1.08268,1.3157815,1.3157815
118,2017-03-28,124.43,1.1961,0.299025,141.76,1.10113,0.110113,820.92,1.05672,0.26418,107.69,1.5992,0.63968,235.32,1.09056,1.09056,1.3129979999999999,1.3129979999999999
119,2017-03-29,124.09,1.19283,0.2982075,142.65,1.10805,0.110805,831.41,1.07022,0.267555,107.34,1.594,0.6376000000000001,235.54,1.09157,1.09157,1.3141675,1.3141675
120,2017-03-30,124.34,1.19523,0.2988075,142.41,1.10618,0.110618,831.5,1.07033,0.2675825,109.4,1.62459,0.6498360000000001,236.29,1.09505,1.09505,1.326844,1.326844
121,2017-03-31,124.43,1.1961,0.299025,142.05,1.10339,0.11033900000000002,829.56,1.06784,0.26696,108.93,1.61761,0.6470440000000001,235.74,1.0925,1.0925,1.323368,1.323368
122,2017-04-03,124.05,1.19244,0.29811,142.28,1.10517,0.110517,838.55,1.07941,0.2698525,108.38,1.60944,0.643776,235.33,1.0906,1.0906,1.3222555,1.3222555
123,2017-04-04,124.77,1.19937,0.2998425,141.73,1.1009,0.11009000000000001,834.57,1.07429,0.2685725,100.78,1.49658,0.598632,235.48,1.0913,1.0913,1.2771370000000002,1.2771370000000002
124,2017-04-05,124.18,1.19369,0.2984225,141.85,1.10183,0.11018300000000002,831.41,1.07022,0.267555,100.03,1.48545,0.59418,234.78,1.08805,1.08805,1.2703404999999999,1.2703404999999999
125,2017-04-06,124.3,1.19485,0.2987125,141.17,1.09655,0.109655,827.88,1.06567,0.2664175,100.76,1.49629,0.5985159999999999,235.44,1.09111,1.09111,1.273301,1.273301
126,2017-04-07,125.58,1.20715,0.3017875,140.78,1.09352,0.109352,824.67,1.06154,0.265385,100.33,1.4899,0.59596,235.2,1.09,1.09,1.2724845,1.2724845
127,2017-04-10,125.92,1.21042,0.302605,141.04,1.09554,0.109554,824.73,1.06162,0.265405,97.77,1.45189,0.5807559999999999,235.34,1.09065,1.09065,1.2583199999999999,1.2583199999999999
128,2017-04-11,125.06,1.20215,0.3005375,139.92,1.08684,0.108684,823.35,1.05984,0.26496,98.12,1.45708,0.582832,235.06,1.08935,1.08935,1.2570135,1.2570135
129,2017-04-12,125.15,1.20302,0.300755,139.58,1.0842,0.10842000000000002,824.32,1.06109,0.2652725,97.31,1.44506,0.578024,234.03,1.08458,1.08458,1.2524715,1.2524715
130,2017-04-13,124.45,1.19629,0.2990725,139.39,1.08272,0.108272,823.56,1.06011,0.2650275,95.49,1.41803,0.5672119999999999,232.51,1.07753,1.07753,1.2395839999999998,1.2395839999999998
131,2017-04-17,125.07,1.20225,0.3005625,141.42,1.09849,0.109849,837.17,1.07763,0.2694075,99.23,1.47357,0.5894280000000001,234.57,1.08708,1.08708,1.2692470000000002,1.2692470000000002
132,2017-04-18,123.01,1.18245,0.2956125,140.96,1.09492,0.10949199999999999,836.82,1.07718,0.269295,99.29,1.47446,0.5897840000000001,233.87,1.08384,1.08384,1.2641835000000001,1.2641835000000001
133,2017-04-19,122.92,1.18158,0.295395,142.27,1.1051,0.11051,838.21,1.07897,0.2697425,99.68,1.48025,0.5921000000000001,233.44,1.08184,1.08184,1.2677475,1.2677475
134,2017-04-20,123.27,1.18495,0.2962375,143.8,1.11698,0.11169800000000002,841.65,1.0834,0.27085,101.26,1.50371,0.6014840000000001,235.34,1.09065,1.09065,1.2802695000000002,1.2802695000000002
135,2017-04-21,122.26,1.17524,0.29381,143.68,1.11605,0.11160500000000001,843.19,1.08538,0.271345,101.68,1.50995,0.60398,234.59,1.08717,1.08717,1.28074,1.28074
136,2017-04-24,123.15,1.18379,0.2959475,145.47,1.12995,0.11299500000000001,862.76,1.11057,0.2776425,102.95,1.52881,0.6115240000000001,237.17,1.09913,1.09913,1.298109,1.298109
137,2017-04-25,125.52,1.20658,0.301645,146.49,1.13787,0.113787,872.3,1.12285,0.2807125,104.74,1.55539,0.622156,238.55,1.10552,1.10552,1.3183005,1.3183005
138,2017-04-26,125.2,1.2035,0.300875,146.56,1.13842,0.113842,871.73,1.12212,0.28053,104.02,1.5447,0.61788,238.4,1.10483,1.10483,1.313127,1.313127
139,2017-04-27,123.97,1.19168,0.29792,147.7,1.14727,0.11472700000000001,874.25,1.12536,0.28134,105.64,1.56876,0.6275040000000001,238.6,1.10576,1.10576,1.3214910000000002,1.3214910000000002
140,2017-04-28,124.05,1.19244,0.29811,150.25,1.16708,0.11670799999999999,905.96,1.16618,0.291545,104.3,1.54886,0.619544,238.08,1.10335,1.10335,1.325907,1.325907
141,2017-05-01,124.06,1.19254,0.298135,152.46,1.18425,0.118425,912.57,1.17469,0.2936725,106.64,1.58361,0.633444,238.68,1.10613,1.10613,1.3436765000000002,1.3436765000000002
142,2017-05-02,123.82,1.19023,0.2975575,152.78,1.18673,0.11867300000000001,916.44,1.17967,0.2949175,103.48,1.53668,0.6146720000000001,238.77,1.10654,1.10654,1.32582,1.32582
143,2017-05-03,123.43,1.18648,0.29662,151.8,1.17912,0.117912,927.04,1.19332,0.29833,104.25,1.54811,0.6192440000000001,238.48,1.1052,1.1052,1.332106,1.332106
144,2017-05-04,124.46,1.19639,0.2990975,150.85,1.17174,0.117174,931.66,1.19926,0.299815,103.85,1.54217,0.6168680000000001,238.76,1.1065,1.1065,1.3329545,1.3329545
145,2017-05-05,122.41,1.17668,0.29417,150.24,1.167,0.11670000000000001,927.13,1.19343,0.2983575,103.86,1.54232,0.616928,239.7,1.11085,1.11085,1.3261555,1.3261555
146,2017-05-08,118.36,1.13775,0.2844375,151.06,1.17337,0.11733700000000001,934.3,1.20266,0.300665,102.77,1.52614,0.6104560000000001,239.66,1.11067,1.11067,1.3128955000000002,1.3128955000000002
147,2017-05-09,120.1,1.15447,0.2886175,150.48,1.16887,0.11688700000000002,932.17,1.19992,0.29998,102.94,1.52866,0.611464,239.44,1.10965,1.10965,1.3169485,1.3169485
148,2017-05-10,119.68,1.15044,0.28761,150.29,1.16739,0.116739,928.78,1.19556,0.29889,121.29,1.80116,0.7204640000000001,239.87,1.11164,1.11164,1.4237030000000002,1.4237030000000002
149,2017-05-11,119.52,1.1489,0.287225,150.04,1.16545,0.11654500000000001,930.6,1.1979,0.299475,126.5,1.87853,0.7514120000000001,239.38,1.10937,1.10937,1.454657,1.454657
150,2017-05-12,119.32,1.14698,0.286745,150.33,1.1677,0.11677,932.22,1.19998,0.299995,127.89,1.89917,0.759668,238.98,1.10752,1.10752,1.463178,1.463178
151,2017-05-15,119.04,1.14429,0.2860725,150.19,1.16661,0.116661,937.08,1.20624,0.30156,134.31,1.99451,0.7978040000000001,240.3,1.11363,1.11363,1.5020974999999999,1.5020974999999999
152,2017-05-16,119.36,1.14736,0.28684,149.78,1.16343,0.116343,943.0,1.21386,0.303465,136.81,2.03163,0.8126519999999999,240.08,1.11261,1.11261,1.5192999999999999,1.5192999999999999
153,2017-05-17,117.1,1.12564,0.28141,144.85,1.12514,0.112514,919.62,1.18377,0.2959425,127.72,1.89664,0.7586560000000001,235.82,1.09287,1.09287,1.4485225000000002,1.4485225000000002
154,2017-05-18,117.4,1.12852,0.28213,147.66,1.14696,0.114696,930.24,1.19744,0.29936,133.07,1.97609,0.790436,236.77,1.09728,1.09728,1.486622,1.486622
155,2017-05-19,116.93,1.124,0.281,148.06,1.15007,0.115007,934.01,1.20229,0.3005725,136.0,2.0196,0.8078400000000001,238.31,1.10441,1.10441,1.5044195000000002,1.5044195000000002
156,2017-05-22,115.71,1.11228,0.27807,148.24,1.15147,0.115147,941.86,1.21239,0.3030975,138.9,2.06267,0.8250679999999999,239.52,1.11002,1.11002,1.5213825,1.5213825
157,2017-05-23,117.31,1.12766,0.281915,148.07,1.15015,0.115015,948.82,1.22135,0.3053375,137.03,2.0349,0.81396,240.05,1.11248,1.11248,1.5162275,1.5162275
158,2017-05-24,117.75,1.13189,0.2829725,150.04,1.16545,0.11654500000000001,954.96,1.22926,0.307315,138.57,2.05777,0.8231080000000001,240.61,1.11507,1.11507,1.5299405,1.5299405
159,2017-05-25,116.74,1.12218,0.280545,151.96,1.18036,0.11803600000000002,969.54,1.24802,0.312005,138.26,2.05316,0.8212640000000001,241.76,1.1204,1.1204,1.53185,1.53185
160,2017-05-26,116.78,1.12256,0.28064,152.13,1.18168,0.11816800000000001,971.47,1.25051,0.3126275,141.84,2.10633,0.842532,241.71,1.12017,1.12017,1.5539675,1.5539675
161,2017-05-30,115.13,1.1067,0.276675,152.38,1.18363,0.118363,975.88,1.25619,0.3140475,144.87,2.15132,0.8605280000000001,241.5,1.1192,1.1192,1.5696135,1.5696135
162,2017-05-31,114.41,1.09978,0.274945,151.46,1.17648,0.117648,964.86,1.242,0.3105,144.35,2.1436,0.8574400000000001,241.44,1.11892,1.11892,1.560533,1.560533
163,2017-06-01,116.41,1.119,0.27975,151.53,1.17702,0.117702,966.95,1.24469,0.3111725,144.36,2.14375,0.8574999999999999,243.36,1.12782,1.12782,1.5661245,1.5661245
164,2017-06-02,118.73,1.14131,0.2853275,153.61,1.19318,0.119318,975.6,1.25582,0.313955,143.64,2.13306,0.853224,244.17,1.13157,1.13157,1.5718245,1.5718245
165,2017-06-05,118.1,1.13525,0.2838125,153.63,1.19334,0.11933400000000001,983.68,1.26623,0.3165575,148.01,2.19795,0.8791800000000001,243.99,1.13074,1.13074,1.5988840000000002,1.5988840000000002
166,2017-06-06,116.88,1.12352,0.28088,152.81,1.18697,0.11869700000000001,976.57,1.25707,0.3142675,147.34,2.188,0.8752000000000001,243.21,1.12712,1.12712,1.5890445,1.5890445
167,2017-06-07,117.57,1.13015,0.2825375,153.12,1.18937,0.11893700000000001,981.08,1.26288,0.31572,149.12,2.21443,0.8857720000000001,243.66,1.12921,1.12921,1.6029665000000002,1.6029665000000002
168,2017-06-08,117.06,1.12525,0.2813125,154.71,1.20172,0.120172,983.41,1.26588,0.31647,159.94,2.37511,0.950044,243.78,1.12976,1.12976,1.6679985,1.6679985
169,2017-06-09,118.19,1.13611,0.2840275,149.6,1.16203,0.116203,949.83,1.22265,0.3056625,149.6,2.22156,0.8886240000000001,243.41,1.12805,1.12805,1.5945170000000002,1.5945170000000002
170,2017-06-12,119.35,1.14727,0.2868175,148.44,1.15302,0.115302,942.9,1.21373,0.3034325,149.97,2.22706,0.890824,243.36,1.12782,1.12782,1.596376,1.596376
171,2017-06-13,119.62,1.14986,0.287465,150.68,1.17042,0.11704200000000001,953.4,1.22725,0.3068125,151.4,2.24829,0.899316,244.55,1.13333,1.13333,1.6106355,1.6106355
172,2017-06-14,121.04,1.16351,0.2908775,150.25,1.16708,0.11670799999999999,950.76,1.22385,0.3059625,151.72,2.25304,0.901216,244.24,1.13189,1.13189,1.614764,1.614764
173,2017-06-15,120.61,1.15938,0.289845,149.8,1.16359,0.11635899999999999,942.31,1.21297,0.3032425,152.37,2.2627,0.9050800000000001,243.77,1.12972,1.12972,1.6145265000000002,1.6145265000000002
174,2017-06-16,122.36,1.1762,0.29405,150.64,1.17011,0.117011,939.78,1.20972,0.30243,151.62,2.25156,0.9006240000000001,242.64,1.12448,1.12448,1.614115,1.614115
175,2017-06-19,125.16,1.20311,0.3007775,152.87,1.18743,0.118743,957.37,1.23236,0.30809,157.32,2.3362,0.93448,244.66,1.13384,1.13384,1.6620905,1.6620905
176,2017-06-20,126.22,1.2133,0.303325,152.25,1.18262,0.118262,950.63,1.22368,0.30592,157.09,2.33279,0.9331160000000001,243.01,1.12619,1.12619,1.6606230000000002,1.6606230000000002
177,2017-06-21,132.83,1.27684,0.31921,153.91,1.19551,0.11955100000000002,959.45,1.23504,0.30876,159.47,2.36813,0.947252,242.95,1.12592,1.12592,1.6947729999999999,1.6947729999999999
178,2017-06-22,133.68,1.28501,0.3212525,153.4,1.19155,0.11915500000000001,957.09,1.232,0.308,158.37,2.3518,0.94072,242.84,1.12541,1.12541,1.6891275000000001,1.6891275000000001
179,2017-06-23,134.31,1.29107,0.3227675,155.07,1.20452,0.120452,965.59,1.24294,0.310735,153.83,2.28438,0.9137520000000001,243.13,1.12675,1.12675,1.6677065000000002,1.6677065000000002
180,2017-06-26,133.85,1.28665,0.3216625,153.59,1.19302,0.119302,952.27,1.22579,0.3064475,152.15,2.25943,0.903772,243.29,1.12749,1.12749,1.651184,1.651184
181,2017-06-27,130.85,1.25781,0.3144525,150.58,1.16964,0.11696400000000001,927.33,1.19369,0.2984225,146.58,2.17672,0.870688,241.33,1.11841,1.11841,1.6005270000000003,1.6005270000000003
182,2017-06-28,134.23,1.2903,0.322575,153.24,1.19031,0.119031,940.49,1.21063,0.3026575,151.75,2.25349,0.9013960000000001,243.49,1.12842,1.12842,1.6456595000000003,1.6456595000000003
183,2017-06-29,131.7,1.26598,0.316495,151.04,1.17322,0.117322,917.79,1.18141,0.2953525,146.68,2.1782,0.87128,241.35,1.1185,1.1185,1.6004495,1.6004495
184,2017-06-30,129.87,1.24839,0.3120975,150.98,1.17275,0.117275,908.73,1.16975,0.2924375,144.56,2.14672,0.8586880000000001,241.8,1.12059,1.12059,1.5804980000000002,1.5804980000000002
185,2017-07-03,130.18,1.25137,0.3128425,148.43,1.15294,0.11529400000000001,898.7,1.15684,0.28921,139.33,2.06905,0.82762,242.21,1.12249,1.12249,1.5449665000000001,1.5449665000000001
186,2017-07-05,133.2,1.2804,0.3201,150.34,1.16778,0.116778,911.71,1.17358,0.293395,143.05,2.12429,0.8497159999999999,242.77,1.12508,1.12508,1.5799889999999999,1.5799889999999999
187,2017-07-06,131.95,1.26838,0.317095,148.82,1.15597,0.115597,906.69,1.16712,0.29178,143.48,2.13068,0.852272,240.55,1.11479,1.11479,1.576744,1.576744
188,2017-07-07,132.56,1.27425,0.3185625,151.44,1.17632,0.11763200000000001,918.59,1.18244,0.29561,146.76,2.17939,0.8717560000000001,242.11,1.12202,1.12202,1.6035605,1.6035605
189,2017-07-10,131.93,1.26819,0.3170475,153.5,1.19233,0.11923299999999999,928.8,1.19558,0.298895,153.7,2.28245,0.91298,242.37,1.12323,1.12323,1.6481555,1.6481555
190,2017-07-11,132.25,1.27127,0.3178175,155.27,1.20607,0.120607,930.09,1.19724,0.29931,155.88,2.31482,0.9259280000000001,242.19,1.12239,1.12239,1.6636625,1.6636625
191,2017-07-12,133.56,1.28386,0.320965,158.9,1.23427,0.12342700000000001,943.83,1.21493,0.3037325,162.51,2.41328,0.965312,244.01,1.13083,1.13083,1.7134364999999998,1.7134364999999998
192,2017-07-13,134.47,1.29261,0.3231525,159.26,1.23707,0.123707,947.16,1.21922,0.304805,160.63,2.38536,0.954144,244.42,1.13273,1.13273,1.7058084999999998,1.7058084999999998
193,2017-07-14,134.57,1.29357,0.3233925,159.97,1.24258,0.12425800000000001,955.99,1.23058,0.307645,164.95,2.44951,0.9798040000000001,245.56,1.13801,1.13801,1.7350995000000002,1.7350995000000002
194,2017-07-17,134.87,1.29645,0.3241125,159.73,1.24072,0.12407200000000002,953.42,1.22727,0.3068175,164.25,2.43912,0.9756480000000001,245.53,1.13787,1.13787,1.73065,1.73065
195,2017-07-18,134.27,1.29069,0.3226725,162.86,1.26503,0.126503,965.4,1.24269,0.3106725,165.96,2.46451,0.9858040000000001,245.66,1.13847,1.13847,1.7456520000000002,1.7456520000000002
196,2017-07-19,135.0,1.2977,0.324425,164.14,1.27497,0.127497,970.89,1.24976,0.31244,165.1,2.45174,0.980696,246.99,1.14464,1.14464,1.745058,1.745058
197,2017-07-20,136.31,1.3103,0.327575,164.53,1.278,0.1278,968.15,1.24623,0.3115575,167.5,2.48738,0.9949520000000001,247.1,1.14515,1.14515,1.7618845,1.7618845
198,2017-07-21,137.74,1.32404,0.33101,164.43,1.27723,0.127723,972.92,1.25237,0.3130925,168.1,2.49629,0.9985160000000001,246.88,1.14413,1.14413,1.7703415000000002,1.7703415000000002
199,2017-07-24,137.84,1.325,0.33125,166.0,1.28942,0.128942,980.34,1.26193,0.3154825,166.15,2.46733,0.986932,246.82,1.14385,1.14385,1.7626065,1.7626065
200,2017-07-25,136.44,1.31154,0.327885,165.28,1.28383,0.128383,950.7,1.22377,0.3059425,165.35,2.45545,0.98218,247.42,1.14663,1.14663,1.7443905,1.7443905
201,2017-07-26,137.75,1.32414,0.331035,165.61,1.28639,0.128639,947.8,1.22004,0.30501,167.26,2.48381,0.9935240000000001,247.43,1.14668,1.14668,1.758208,1.758208
202,2017-07-27,134.15,1.28953,0.3223825,170.44,1.32391,0.132391,934.09,1.20239,0.3005975,161.74,2.40184,0.960736,247.2,1.14561,1.14561,1.716107,1.716107
203,2017-07-28,134.1,1.28905,0.3222625,172.45,1.33952,0.13395200000000002,941.53,1.21197,0.3029925,164.39,2.44119,0.9764760000000001,246.91,1.14427,1.14427,1.735683,1.735683
204,2017-07-31,135.41,1.30164,0.32541,169.25,1.31467,0.131467,930.5,1.19777,0.2994425,162.51,2.41328,0.965312,246.77,1.14362,1.14362,1.7216315,1.7216315
205,2017-08-01,135.18,1.29943,0.3248575,169.86,1.3194,0.13194,930.83,1.1982,0.29955,164.49,2.44268,0.9770720000000002,247.32,1.14617,1.14617,1.7334195000000001,1.7334195000000001
206,2017-08-02,134.85,1.29626,0.324065,169.3,1.31505,0.131505,930.39,1.19763,0.2994075,164.39,2.44119,0.9764760000000001,247.44,1.14672,1.14672,1.7314535,1.7314535
207,2017-08-03,135.9,1.30635,0.3265875,168.59,1.30954,0.130954,923.65,1.18895,0.2972375,166.48,2.47223,0.9888920000000001,246.96,1.1445,1.1445,1.743671,1.743671
208,2017-08-04,136.7,1.31404,0.32851,169.62,1.31754,0.131754,927.96,1.1945,0.298625,167.21,2.48307,0.9932280000000001,247.41,1.14658,1.14658,1.7521170000000001,1.7521170000000001
209,2017-08-07,137.06,1.3175,0.329375,171.98,1.33587,0.13358699999999998,929.36,1.1963,0.299075,172.35,2.5594,1.02376,247.87,1.14872,1.14872,1.7857969999999999,1.7857969999999999
210,2017-08-08,135.27,1.3003,0.325075,171.23,1.33004,0.13300399999999998,926.79,1.19299,0.2982475,170.3,2.52896,1.011584,247.26,1.14589,1.14589,1.7679105,1.7679105
211,2017-08-09,135.57,1.30318,0.325795,171.18,1.32966,0.132966,922.9,1.18799,0.2969975,172.11,2.55584,1.022336,247.25,1.14584,1.14584,1.7780945,1.7780945
212,2017-08-10,130.37,1.2532,0.3133,167.4,1.3003,0.13003,907.24,1.16783,0.2919575,164.74,2.44639,0.9785560000000001,243.76,1.12967,1.12967,1.7138435000000003,1.7138435000000003
213,2017-08-11,130.61,1.2555,0.313875,168.08,1.30558,0.130558,914.39,1.17703,0.2942575,155.96,2.31601,0.926404,244.12,1.13134,1.13134,1.6650945,1.6650945
214,2017-08-14,132.96,1.27809,0.3195225,170.75,1.32632,0.132632,922.67,1.18769,0.2969225,168.4,2.50074,1.000296,246.54,1.14255,1.14255,1.749373,1.749373
215,2017-08-15,131.37,1.26281,0.3157025,171.0,1.32826,0.132826,922.22,1.18711,0.2967775,166.98,2.47966,0.9918640000000001,246.51,1.14241,1.14241,1.7371700000000003,1.7371700000000003
216,2017-08-16,131.26,1.26175,0.3154375,170.0,1.32049,0.132049,926.96,1.19321,0.2983025,165.15,2.45248,0.9809920000000001,246.94,1.14441,1.14441,1.7267810000000001,1.7267810000000001
217,2017-08-17,127.58,1.22638,0.306595,166.91,1.29649,0.129649,910.98,1.17264,0.29316,161.47,2.39783,0.959132,243.09,1.12656,1.12656,1.6885359999999998,1.6885359999999998
218,2017-08-18,127.65,1.22705,0.3067625,167.41,1.30037,0.130037,910.67,1.17224,0.29306,161.5,2.39828,0.9593120000000002,242.71,1.1248,1.1248,1.6891715,1.6891715
219,2017-08-21,127.43,1.22494,0.306235,167.78,1.30325,0.130325,906.66,1.16708,0.29177,159.15,2.36338,0.945352,242.9,1.12568,1.12568,1.673682,1.673682
220,2017-08-22,130.29,1.25243,0.3131075,169.64,1.31769,0.131769,924.69,1.19029,0.2975725,162.55,2.41387,0.9655480000000001,245.44,1.13745,1.13745,1.707997,1.707997
221,2017-08-23,129.19,1.24185,0.3104625,168.71,1.31047,0.131047,927.0,1.19327,0.2983175,165.8,2.46213,0.9848520000000001,244.56,1.13338,1.13338,1.7246789999999999,1.7246789999999999
222,2017-08-24,130.05,1.25012,0.31253,167.74,1.30294,0.130294,921.28,1.1859,0.296475,165.19,2.45307,0.981228,243.99,1.13074,1.13074,1.720527,1.720527
223,2017-08-25,129.68,1.24656,0.31164,166.32,1.29191,0.129191,915.89,1.17896,0.29474,163.81,2.43258,0.9730320000000001,244.56,1.13338,1.13338,1.708603,1.708603
224,2017-08-28,131.65,1.2655,0.316375,167.24,1.29905,0.12990500000000002,913.81,1.17629,0.2940725,164.97,2.44981,0.979924,244.57,1.13342,1.13342,1.7202765,1.7202765
225,2017-08-29,132.44,1.27309,0.3182725,168.05,1.30534,0.130534,921.29,1.18592,0.29648,164.7,2.4458,0.9783200000000001,244.85,1.13472,1.13472,1.7236065,1.7236065
226,2017-08-30,134.34,1.29136,0.32284,169.92,1.31987,0.13198700000000002,929.57,1.19657,0.2991425,165.68,2.46035,0.98414,246.01,1.1401,1.1401,1.7381095000000002,1.7381095000000002
227,2017-08-31,138.93,1.33548,0.33387,171.97,1.33579,0.133579,939.33,1.20914,0.302285,169.44,2.51619,1.006476,247.49,1.14696,1.14696,1.7762099999999998,1.7762099999999998
228,2017-09-01,139.38,1.33981,0.3349525,172.02,1.33618,0.133618,937.34,1.20658,0.301645,170.46,2.53133,1.012532,247.84,1.14858,1.14858,1.7827475,1.7827475
229,2017-09-05,139.35,1.33952,0.33488,170.72,1.32608,0.132608,928.45,1.19513,0.2987825,165.91,2.46377,0.9855079999999999,246.06,1.14033,1.14033,1.7517785000000001,1.7517785000000001
230,2017-09-06,140.16,1.3473,0.336825,172.09,1.33673,0.13367300000000001,927.81,1.19431,0.2985775,165.81,2.46228,0.984912,246.9,1.14422,1.14422,1.7539875,1.7539875
231,2017-09-07,141.76,1.36268,0.34067,173.21,1.34542,0.13454200000000002,935.95,1.20479,0.3011975,166.58,2.47372,0.9894880000000001,246.87,1.14408,1.14408,1.7658975000000001,1.7658975000000001
232,2017-09-08,140.5,1.35057,0.3376425,170.95,1.32787,0.13278700000000002,926.5,1.19262,0.298155,163.69,2.4308,0.9723200000000001,246.58,1.14274,1.14274,1.7409045,1.7409045
233,2017-09-11,140.92,1.35461,0.3386525,173.51,1.34776,0.134776,929.08,1.19594,0.298985,169.0,2.50965,1.0038600000000002,249.21,1.15493,1.15493,1.7762735000000003,1.7762735000000003
234,2017-09-12,142.07,1.36566,0.341415,172.96,1.34348,0.134348,932.07,1.19979,0.2999475,169.61,2.51871,1.007484,250.05,1.15882,1.15882,1.7831945,1.7831945
235,2017-09-13,141.26,1.35788,0.33947,173.05,1.34418,0.134418,935.09,1.20368,0.30092,170.37,2.53,1.012,250.17,1.15938,1.15938,1.786808,1.786808
236,2017-09-14,140.61,1.35163,0.3379075,170.96,1.32795,0.132795,925.11,1.19083,0.2977075,169.4,2.51559,1.0062360000000001,250.09,1.159,1.159,1.7746460000000002,1.7746460000000002
237,2017-09-15,142.04,1.36538,0.341345,171.64,1.33323,0.133323,920.29,1.18463,0.2961575,180.11,2.67464,1.0698560000000001,249.19,1.15483,1.15483,1.8406815000000003,1.8406815000000003
238,2017-09-18,142.84,1.37307,0.3432675,170.01,1.32057,0.132057,915.0,1.17782,0.294455,187.55,2.78512,1.1140480000000001,249.72,1.15729,1.15729,1.8838275000000002,1.8838275000000002
239,2017-09-19,143.47,1.37912,0.34478,172.52,1.34007,0.13400700000000001,921.81,1.18658,0.296645,187.35,2.78215,1.1128600000000002,249.97,1.15845,1.15845,1.888292,1.888292
240,2017-09-20,144.24,1.38652,0.34663,172.17,1.33735,0.13373500000000002,931.58,1.19916,0.29979,185.84,2.75973,1.1038919999999999,250.06,1.15887,1.15887,1.8840469999999998,1.8840469999999998
241,2017-09-21,143.78,1.3821,0.345525,171.11,1.32911,0.132911,932.45,1.20028,0.30007,180.76,2.68429,1.073716,249.39,1.15576,1.15576,1.8522219999999998,1.8522219999999998
242,2017-09-22,143.89,1.38316,0.34579,170.54,1.32469,0.132469,928.53,1.19523,0.2988075,179.0,2.65815,1.06326,249.44,1.15599,1.15599,1.8403265,1.8403265
243,2017-09-25,144.94,1.39325,0.3483125,162.87,1.26511,0.126511,920.97,1.1855,0.296375,171.0,2.53935,1.01574,248.93,1.15363,1.15363,1.7869385000000002,1.7869385000000002
244,2017-09-26,143.63,1.38066,0.345165,164.21,1.27552,0.127552,924.86,1.19051,0.2976275,171.96,2.55361,1.021444,249.08,1.15432,1.15432,1.7917885,1.7917885
245,2017-09-27,142.97,1.37432,0.34358,167.68,1.30247,0.130247,944.49,1.21578,0.303945,175.73,2.60959,1.043836,250.05,1.15882,1.15882,1.8216080000000001,1.8216080000000001
246,2017-09-28,142.76,1.3723,0.343075,168.73,1.31063,0.131063,949.5,1.22223,0.3055575,175.68,2.60885,1.04354,250.35,1.16021,1.16021,1.8232354999999998,1.8232354999999998
247,2017-09-29,145.82,1.40171,0.3504275,170.87,1.32725,0.132725,959.11,1.2346,0.30865,178.77,2.65474,1.061896,251.23,1.16429,1.16429,1.8536985,1.8536985
248,2017-10-02,146.04,1.40383,0.3509575,169.47,1.31637,0.131637,953.27,1.22708,0.30677,179.0,2.65815,1.06326,252.32,1.16934,1.16934,1.8526245000000001,1.8526245000000001
249,2017-10-03,146.08,1.40421,0.3510525,169.96,1.32018,0.132018,957.79,1.2329,0.308225,179.37,2.66365,1.06546,252.86,1.17184,1.17184,1.8567555,1.8567555
